table,county,hour_0,hour_1,hour_2,hour_3,hour_4,hour_5,hour_6,hour_7,hour_8,hour_9,hour_10,hour_11,hour_12,hour_13,hour_14,hour_15,hour_16,hour_17,hour_18,hour_19,hour_20,hour_21,hour_22,hour_23,hour_all
103A1,Taiwan,62,31,41,39,62,78,82,97,84,97,69,72,81,56,74,95,89,103,101,95,76,67,60,59,1770
103A1,Taipei City,9,0,2,3,2,7,3,3,5,6,3,2,5,0,3,4,4,3,4,3,3,6,1,3,84
103A1,New Taipei City,6,5,3,7,2,6,6,6,2,7,7,8,6,3,7,9,9,6,8,4,5,5,3,5,135
103A1,Keelung City,0,0,1,0,1,2,1,2,2,1,1,0,0,0,1,0,0,2,2,0,2,0,1,1,20
103A1,Taoyuan City,6,1,2,4,4,8,8,3,9,4,4,8,3,2,5,10,6,7,7,5,5,5,8,5,129
103A1,Hsinchu City,0,2,2,1,1,2,4,2,1,1,4,1,4,0,0,1,1,1,2,4,0,1,2,2,39
103A1,Hsinchu County,2,1,1,1,3,3,3,0,2,4,3,1,3,2,3,5,5,4,2,3,3,2,3,2,61
103A1,Miaoli County,1,1,0,2,3,0,1,2,3,5,2,4,2,5,3,5,1,6,6,6,4,2,1,1,66
103A1,Taichung City,5,1,5,3,5,3,5,4,7,4,8,7,2,8,6,4,11,9,11,6,6,4,4,6,134
103A1,Changhua County,4,5,0,3,8,4,9,11,10,5,5,2,5,1,7,11,9,9,11,7,10,5,4,9,154
103A1,Nantou County,2,3,1,1,1,5,2,2,3,4,2,4,0,3,2,4,3,7,4,6,6,2,1,2,70
103A1,Yunlin County,1,1,3,0,5,2,7,3,8,6,1,4,8,2,4,4,5,6,8,6,2,5,6,2,99
103A1,Chiayi City,0,0,1,1,1,1,2,1,1,3,0,0,0,0,0,0,0,0,1,0,1,0,0,0,13
103A1,Chiayi County,3,0,2,1,3,3,1,6,3,5,4,2,2,4,5,2,2,6,4,2,4,2,6,2,74
103A1,Tainan City,8,3,3,3,6,6,11,17,5,10,11,4,12,8,6,17,7,15,11,6,3,7,4,2,185
103A1,Kaohsiung City,9,4,8,6,6,16,7,14,8,16,7,8,16,8,7,5,7,13,6,17,10,9,9,12,228
103A1,Pingtung County,3,1,4,1,6,8,3,9,4,5,4,6,5,1,8,6,8,3,7,12,6,5,4,0,119
103A1,Yilan County,1,0,0,1,0,0,2,7,5,6,1,2,4,4,2,0,3,1,2,0,3,4,1,1,50
103A1,Hualien County,2,2,0,1,3,1,3,4,4,3,2,4,1,3,2,6,5,2,3,4,0,2,0,3,60
103A1,Taitung County,0,0,1,0,2,1,4,1,2,2,0,5,3,1,3,2,3,3,2,3,3,1,2,1,45
103A1,Penghu County,0,1,1,0,0,0,0,0,0,0,0,0,0,0,0,0,0,0,0,1,0,0,0,0,3
103A1,Kinmen County,0,0,1,0,0,0,0,0,0,0,0,0,0,1,0,0,0,0,0,0,0,0,0,0,2
103A1,Lienchiang County,0,0,0,0,0,0,0,0,0,0,0,0,0,0,0,0,0,0,0,0,0,0,0,0,0
103A2,Taiwan,3739,2265,1555,1192,1331,2483,6250,24794,22761,18052,16666,17075,17484,14528,15257,16742,19246,25717,21374,15743,12429,12248,10511,6632,306074
103A2,Taipei City,360,214,143,96,102,187,378,1064,1730,1365,1105,1028,1110,1027,1059,1122,1145,1429,1384,1028,869,969,1016,617,20547
103A2,New Taipei City,525,337,225,139,159,252,657,2168,2672,1983,1703,1678,1727,1552,1550,1645,1819,2382,2234,1716,1391,1494,1472,990,32470
103A2,Keelung City,57,32,25,14,23,27,73,200,186,155,182,161,162,144,171,157,161,205,208,196,134,152,137,88,3050
103A2,Taoyuan City,370,215,176,127,131,276,814,2809,2361,1641,1528,1487,1588,1277,1442,1520,1769,2409,1959,1611,1296,1196,990,692,29684
103A2,Hsinchu City,74,40,28,29,30,45,110,515,612,452,351,381,373,313,336,352,408,524,534,397,328,314,247,150,6943
103A2,Hsinchu County,69,50,26,18,18,42,177,677,632,429,350,370,360,285,335,373,458,563,519,402,292,269,196,125,7035
103A2,Miaoli County,43,28,18,15,17,42,140,535,382,308,273,282,281,222,232,274,358,444,384,304,230,207,134,80,5233
103A2,Taichung City,654,356,225,200,205,361,996,4751,4339,3236,3021,3127,3307,2676,2886,3025,3579,5164,4274,2839,2390,2385,1992,1161,57149
103A2,Changhua County,149,113,74,50,64,167,386,1726,1219,1108,1046,1062,1160,841,915,1035,1245,1736,1263,879,695,670,469,281,18353
103A2,Nantou County,71,30,23,24,15,41,105,472,353,346,325,409,321,318,313,377,419,509,372,283,200,170,153,78,5727
103A2,Yunlin County,79,35,29,31,32,94,185,761,549,522,459,508,480,390,434,479,540,734,547,410,295,242,163,116,8114
103A2,Chiayi City,38,29,17,18,14,22,53,182,177,159,142,146,196,153,177,178,188,249,206,156,127,154,133,63,2977
103A2,Chiayi County,56,36,16,12,30,75,143,477,370,366,371,325,308,295,284,334,384,495,377,278,216,159,125,88,5620
103A2,Tainan City,244,150,125,95,109,210,475,2178,1743,1324,1340,1355,1323,1036,1104,1325,1442,2039,1652,1201,923,885,705,442,23425
103A2,Kaohsiung City,688,417,260,212,237,397,1005,4255,3706,2963,2822,2937,3104,2541,2609,2960,3523,4518,3539,2731,2044,2080,1896,1245,52689
103A2,Pingtung County,109,99,71,64,77,117,255,849,759,757,768,824,734,564,575,684,840,1041,907,611,441,428,337,196,12107
103A2,Yilan County,61,35,25,21,17,39,129,515,414,382,340,369,345,327,318,339,373,486,393,269,223,191,119,91,5821
103A2,Hualien County,53,28,14,10,29,38,91,366,300,288,292,341,320,303,287,277,281,417,296,217,187,160,119,78,4792
103A2,Taitung County,26,12,23,9,15,38,54,185,148,185,175,177,177,160,148,194,198,252,206,136,94,81,70,34,2797
103A2,Penghu County,6,9,5,6,5,8,16,60,58,48,46,53,58,50,47,49,70,64,72,45,33,24,17,12,861
103A2,Kinmen County,7,0,7,2,2,4,8,46,49,34,27,53,48,53,34,43,44,57,48,34,20,17,21,4,662
103A2,Lienchiang County,0,0,0,0,0,0,0,0,0,0,0,0,0,0,0,0,0,0,0,0,0,0,0,0,0
104A1,Taiwan,44,42,38,36,42,84,80,87,87,85,78,96,59,64,59,95,70,96,107,90,51,53,56,40,1639
104A1,Taipei City,4,1,1,1,1,6,3,4,5,7,5,6,2,5,5,6,1,6,3,2,2,3,6,2,87
104A1,New Taipei City,1,4,5,4,4,3,7,6,8,10,0,5,3,3,4,8,9,9,6,4,3,4,6,4,120
104A1,Keelung City,0,0,0,1,1,1,2,2,0,1,1,2,2,1,0,0,0,1,3,1,0,1,0,2,22
104A1,Taoyuan City,0,0,0,0,0,0,0,0,0,0,0,0,0,0,0,0,0,0,0,0,0,0,0,0,0
104A1,Hsinchu City,1,1,1,2,0,1,1,1,4,2,2,0,0,2,0,1,1,1,2,3,2,1,1,0,30
104A1,Hsinchu County,0,1,1,1,2,4,3,3,3,6,2,3,5,3,3,2,2,3,7,5,4,3,1,5,72
104A1,Miaoli County,0,3,1,1,2,5,1,3,2,2,3,2,1,2,4,3,3,3,4,2,3,0,0,4,54
104A1,Taichung City,3,0,3,2,4,6,9,12,6,4,5,5,2,3,7,9,6,10,8,4,7,2,7,3,127
104A1,Changhua County,7,4,2,5,7,6,6,3,6,3,10,6,9,4,3,9,6,7,12,8,6,4,4,3,140
104A1,Nantou County,3,1,1,1,0,3,3,2,3,3,3,5,1,3,2,5,2,3,2,1,2,3,3,1,56
104A1,Yunlin County,2,2,3,1,1,4,3,7,7,5,2,9,6,4,4,5,4,9,8,4,4,3,5,4,106
104A1,Chiayi City,0,2,0,1,0,1,0,0,3,0,1,1,0,0,0,1,2,0,1,1,1,0,0,0,15
104A1,Chiayi County,1,0,1,1,0,4,3,8,4,3,3,4,2,4,1,3,5,4,9,9,2,2,2,1,76
104A1,Tainan City,6,7,2,2,4,7,8,8,11,11,9,9,8,7,7,9,5,11,9,16,5,7,4,3,175
104A1,Kaohsiung City,4,4,1,6,8,12,11,8,10,10,7,16,4,7,8,11,9,12,10,9,2,6,4,3,182
104A1,Pingtung County,5,3,8,2,1,8,7,7,5,6,5,8,2,3,4,9,1,3,8,4,1,3,3,2,108
104A1,Yilan County,2,0,2,0,1,3,3,4,2,4,2,2,2,2,0,3,3,2,3,2,1,3,1,1,48
104A1,Hualien County,0,1,0,1,1,3,2,1,0,2,2,6,1,1,2,0,1,4,4,2,0,1,3,0,38
104A1,Taitung County,0,2,2,0,0,1,2,3,1,1,5,1,1,1,1,4,3,2,2,4,2,1,1,0,40
104A1,Penghu County,0,0,0,0,0,1,1,0,0,0,0,1,0,1,1,1,0,0,0,0,1,0,1,0,8
104A1,Kinmen County,1,0,1,0,1,0,0,0,0,1,0,0,0,0,0,0,1,0,0,1,0,1,0,0,7
104A1,Lienchiang County,0,0,0,0,0,0,0,0,0,0,0,0,0,0,0,0,0,0,0,0,0,0,0,0,0
104A2,Taiwan,3684,2162,1553,1171,1364,2417,6281,23964,22502,18130,16891,17536,17517,14423,15347,16982,19116,25407,21002,15618,12291,11844,10225,6350,303777
104A2,Taipei City,343,206,151,111,125,164,349,1065,1707,1349,1164,1100,1115,1037,1059,1196,1185,1404,1344,1099,881,947,965,616,20682
104A2,New Taipei City,558,311,225,137,139,254,645,2251,2574,1985,1841,1736,1802,1615,1578,1737,1799,2346,2223,1642,1355,1397,1387,924,32461
104A2,Keelung City,55,21,23,17,15,45,80,197,207,160,154,167,150,155,152,142,176,228,207,149,128,119,117,90,2954
104A2,Taoyuan City,444,224,181,128,164,316,850,2844,2484,1848,1588,1640,1730,1407,1535,1653,1903,2575,2185,1741,1508,1323,1115,699,32085
104A2,Hsinchu City,65,59,25,30,28,51,146,493,600,426,352,400,427,322,311,360,444,552,550,456,315,284,271,163,7130
104A2,Hsinchu County,53,36,24,24,20,49,169,593,528,336,300,369,338,238,296,354,403,500,443,317,276,219,194,103,6182
104A2,Miaoli County,50,32,23,26,23,45,158,496,433,350,324,376,321,262,252,344,380,534,355,324,233,199,158,90,5788
104A2,Taichung City,585,314,206,165,188,326,930,4404,4046,3111,2805,3037,3023,2464,2670,2854,3233,4805,4034,2689,2067,2145,1846,1041,52988
104A2,Changhua County,132,87,61,46,69,154,364,1608,1130,974,984,1041,1000,750,846,931,1065,1636,1145,806,642,592,410,254,16727
104A2,Nantou County,43,34,23,17,30,51,135,435,401,416,371,422,384,329,347,338,430,521,365,298,213,198,151,102,6054
104A2,Yunlin County,90,63,41,23,33,74,185,728,554,525,563,501,480,373,402,508,619,724,563,425,314,269,167,141,8365
104A2,Chiayi City,41,18,23,18,14,18,56,178,181,156,126,173,180,157,164,176,202,287,175,178,136,137,124,59,2977
104A2,Chiayi County,50,35,24,19,25,69,161,517,369,376,378,324,345,294,355,361,435,541,378,320,240,171,122,83,5992
104A2,Tainan City,273,142,111,94,94,153,434,1916,1618,1259,1183,1316,1329,977,1114,1297,1310,1931,1513,1045,854,831,606,371,21771
104A2,Kaohsiung City,635,408,270,194,235,388,1026,4209,3816,3092,2982,3149,3125,2555,2699,3044,3671,4439,3690,2797,2059,2081,1882,1155,53601
104A2,Pingtung County,131,87,67,60,77,120,292,874,812,784,773,816,752,622,672,783,876,1093,854,618,538,439,362,227,12729
104A2,Yilan County,48,40,29,19,23,62,112,526,426,386,390,352,387,312,348,354,393,510,376,260,194,188,125,86,5946
104A2,Hualien County,39,18,22,14,20,37,95,312,321,299,332,315,329,273,283,276,294,391,306,197,190,168,114,75,4720
104A2,Taitung County,36,15,14,18,30,29,58,199,199,202,188,200,183,173,191,168,195,231,185,171,96,83,76,53,2993
104A2,Penghu County,6,8,5,4,7,8,21,67,53,60,59,55,64,64,45,62,69,90,52,52,28,32,20,12,943
104A2,Kinmen County,7,4,5,6,5,4,12,52,42,36,34,47,49,44,27,44,31,66,59,34,24,22,13,6,673
104A2,Lienchiang County,0,0,0,1,0,0,3,0,1,0,0,0,4,0,1,0,3,3,0,0,0,0,0,0,16
105A1,Taiwan,46,51,33,33,51,77,77,85,92,76,79,59,67,74,57,74,75,66,74,78,77,56,47,51,1555
105A1,Taipei City,0,6,4,4,1,6,5,2,7,6,7,2,1,3,4,2,2,2,3,6,5,4,2,6,90
105A1,New Taipei City,10,3,6,2,1,4,7,7,8,6,12,6,3,6,1,4,5,6,5,1,6,6,3,4,122
105A1,Keelung City,0,0,2,2,0,0,1,0,0,2,2,0,1,1,0,2,0,0,0,2,1,1,0,0,17
105A1,Taoyuan City,5,7,3,0,4,5,5,5,8,6,7,5,6,5,7,2,6,5,5,5,4,2,8,3,118
105A1,Hsinchu City,2,2,0,2,2,2,0,0,2,1,1,1,0,0,2,2,1,1,2,0,0,1,0,0,24
105A1,Hsinchu County,0,3,1,2,2,1,1,5,6,0,4,2,0,3,2,3,3,2,1,2,5,1,1,4,54
105A1,Miaoli County,2,0,1,2,1,1,4,5,0,3,3,1,5,6,2,0,2,1,1,2,4,1,2,1,50
105A1,Taichung City,1,2,1,1,4,9,9,5,6,3,5,6,4,3,3,4,7,3,7,5,7,5,6,4,110
105A1,Changhua County,0,9,4,1,2,10,6,8,9,5,5,4,4,2,1,5,9,7,8,8,7,6,2,3,125
105A1,Nantou County,0,0,1,3,1,0,1,4,3,4,5,3,1,1,7,8,6,3,4,5,4,3,4,2,73
105A1,Yunlin County,6,1,1,2,2,5,2,7,4,7,4,3,5,6,1,5,5,3,9,5,3,2,5,3,96
105A1,Chiayi City,0,1,0,2,2,1,0,1,1,0,0,0,0,0,0,0,0,0,1,0,1,0,0,0,10
105A1,Chiayi County,2,2,0,1,1,2,8,4,6,2,0,5,6,3,5,8,4,4,3,6,2,3,1,0,78
105A1,Tainan City,4,2,4,2,8,5,8,12,14,11,8,7,10,6,5,10,8,9,9,11,11,7,2,8,181
105A1,Kaohsiung City,5,7,1,3,7,8,7,10,4,11,6,4,4,15,7,8,11,7,8,10,6,8,5,6,168
105A1,Pingtung County,6,2,2,2,7,5,4,5,7,4,3,5,5,3,5,3,1,6,3,2,6,3,2,3,94
105A1,Yilan County,2,1,1,2,3,5,1,0,1,2,3,2,3,3,1,2,2,4,2,4,0,0,0,0,44
105A1,Hualien County,0,1,0,0,0,3,3,3,4,1,1,1,6,3,2,4,0,2,1,3,4,2,1,1,46
105A1,Taitung County,0,1,1,0,3,3,4,1,2,1,3,1,2,4,2,2,2,1,2,1,0,1,3,2,42
105A1,Penghu County,1,1,0,0,0,2,0,0,0,1,0,1,1,1,0,0,0,0,0,0,0,0,0,1,9
105A1,Kinmen County,0,0,0,0,0,0,1,1,0,0,0,0,0,0,0,0,1,0,0,0,0,0,0,0,3
105A1,Lienchiang County,0,0,0,0,0,0,0,0,0,0,0,0,0,0,0,0,0,0,0,0,1,0,0,0,1
105A2,Taiwan,3778,2201,1523,1223,1366,2497,6515,23927,22674,17788,17072,17622,17527,14642,15279,16750,19161,25323,21439,15652,12036,11645,10030,6331,304001
105A2,Taipei City,392,241,155,130,114,169,417,1182,1876,1478,1260,1208,1267,1137,1152,1278,1245,1491,1529,1165,875,1052,1018,675,22506
105A2,New Taipei City,549,325,214,151,153,266,700,2218,2627,1985,1745,1796,1767,1612,1647,1756,1894,2431,2277,1618,1367,1379,1420,970,32867
105A2,Keelung City,39,34,26,16,18,31,59,163,179,156,128,123,135,122,124,143,139,187,187,135,128,118,117,70,2577
105A2,Taoyuan City,456,280,199,143,175,330,888,2824,2429,1699,1621,1592,1669,1413,1482,1553,1901,2564,2270,1570,1354,1248,1118,687,31465
105A2,Hsinchu City,70,43,27,37,17,45,134,548,681,422,386,437,413,347,393,377,439,571,557,425,292,327,274,153,7415
105A2,Hsinchu County,81,46,29,31,41,55,214,743,736,485,420,455,447,364,350,410,477,717,610,459,318,305,216,152,8161
105A2,Miaoli County,48,36,20,20,23,55,159,597,441,343,369,385,343,261,287,357,442,583,429,350,247,217,149,110,6271
105A2,Taichung City,560,273,183,166,194,294,900,4176,3877,2940,2803,2868,2933,2269,2528,2725,3024,4552,3805,2681,2097,2076,1693,998,50615
105A2,Changhua County,143,93,67,50,61,160,366,1655,1082,1022,998,1055,1003,787,841,956,1174,1624,1237,854,706,609,439,239,17221
105A2,Nantou County,50,35,20,24,25,61,153,500,439,405,406,430,408,344,390,424,403,583,402,306,218,188,134,85,6433
105A2,Yunlin County,96,59,50,22,34,90,246,739,537,522,555,576,462,426,464,545,626,796,589,441,291,232,203,139,8740
105A2,Chiayi City,48,32,16,10,15,23,47,197,167,157,164,174,220,178,146,154,190,249,214,142,129,156,99,57,2984
105A2,Chiayi County,59,32,16,19,32,72,162,496,378,348,368,380,327,311,297,379,382,531,379,297,180,158,118,69,5790
105A2,Tainan City,201,147,94,69,87,168,369,1678,1455,1130,1137,1162,1274,971,1003,1064,1255,1748,1393,1012,799,708,600,339,19863
105A2,Kaohsiung City,706,370,256,222,226,379,1076,4103,3817,2912,2892,3002,3040,2469,2598,2819,3569,4251,3648,2742,1996,1871,1741,1106,51811
105A2,Pingtung County,137,77,78,52,81,142,296,871,822,794,825,856,783,622,665,814,881,1055,858,649,474,479,351,249,12911
105A2,Yilan County,58,35,25,16,28,65,143,551,468,400,381,431,416,385,326,374,421,553,414,289,226,205,131,89,6430
105A2,Hualien County,35,17,18,19,15,38,94,353,337,292,316,351,327,330,312,303,343,416,318,237,178,157,106,75,4987
105A2,Taitung County,34,21,18,17,19,47,66,201,222,196,200,229,178,192,179,215,241,264,210,178,101,113,70,47,3258
105A2,Penghu County,12,2,9,5,6,6,20,78,58,62,61,66,61,58,62,58,61,72,57,50,33,32,20,10,959
105A2,Kinmen County,4,3,3,4,2,1,6,53,41,40,36,44,53,42,31,46,51,81,56,48,27,15,13,12,712
105A2,Lienchiang County,0,0,0,0,0,0,0,1,5,0,1,2,1,2,2,0,3,4,0,4,0,0,0,0,25
106A1,Taiwan,38,22,27,29,32,63,54,87,74,65,66,57,51,42,73,59,74,60,83,54,42,47,40,46,1285
106A1,Taipei City,1,1,2,1,1,3,6,0,3,0,2,5,2,0,2,1,0,1,2,3,2,2,1,1,42
106A1,New Taipei City,2,0,4,1,3,5,2,3,3,8,5,3,4,1,7,0,1,0,6,0,1,3,1,6,69
106A1,Keelung City,0,1,0,2,0,0,1,1,1,0,1,1,1,0,0,2,2,0,1,1,0,2,2,0,19
106A1,Taoyuan City,5,2,3,2,4,5,3,6,9,5,5,3,6,4,9,8,8,5,7,3,2,5,5,8,122
106A1,Hsinchu City,1,0,0,2,1,2,0,3,1,2,3,2,0,1,1,0,3,1,3,0,2,0,1,0,29
106A1,Hsinchu County,2,3,0,2,1,2,5,4,2,2,3,0,2,2,4,2,5,1,6,1,2,3,1,2,57
106A1,Miaoli County,1,1,1,0,2,3,1,7,0,4,2,0,1,3,0,1,2,3,2,1,2,1,1,0,39
106A1,Taichung City,0,1,1,2,4,4,3,2,6,5,0,1,4,4,2,4,3,2,3,4,0,3,2,3,63
106A1,Changhua County,1,1,0,0,3,5,4,7,3,6,5,0,4,5,3,3,6,2,6,5,3,3,1,0,76
106A1,Nantou County,0,2,2,1,0,1,3,2,2,2,3,3,1,0,3,7,4,4,4,3,4,2,4,1,58
106A1,Yunlin County,2,0,1,2,2,6,2,8,6,8,8,3,3,3,4,1,4,3,6,8,6,1,3,2,92
106A1,Chiayi City,1,0,0,1,0,0,0,0,1,0,1,0,0,1,0,0,0,1,0,1,0,0,0,0,7
106A1,Chiayi County,2,0,0,1,2,2,2,6,3,5,4,4,4,1,5,4,3,3,7,4,1,1,0,3,67
106A1,Tainan City,5,3,4,4,4,8,10,11,9,5,10,12,4,5,12,10,14,10,9,4,4,6,5,8,176
106A1,Kaohsiung City,6,2,5,4,2,10,4,9,7,5,8,8,6,0,12,5,9,11,5,4,1,4,6,4,137
106A1,Pingtung County,3,3,0,2,3,4,3,6,7,3,1,5,3,3,3,6,4,2,9,7,7,5,2,6,97
106A1,Yilan County,1,0,0,0,0,1,0,5,1,1,2,1,4,3,1,1,2,2,2,2,1,0,3,0,33
106A1,Hualien County,2,2,0,1,0,0,3,1,7,3,2,2,2,4,1,2,2,2,3,1,1,3,0,2,46
106A1,Taitung County,2,0,3,0,0,2,1,4,2,0,1,3,0,2,3,0,2,4,0,2,3,2,1,0,37
106A1,Penghu County,0,0,1,0,0,0,1,1,1,1,0,0,0,0,1,1,0,0,2,0,0,1,0,0,10
106A1,Kinmen County,1,0,0,1,0,0,0,1,0,0,0,1,0,0,0,1,0,3,0,0,0,0,1,0,9
106A1,Lienchiang County,0,0,0,0,0,0,0,0,0,0,0,0,0,0,0,0,0,0,0,0,0,0,0,0,0
106A2,Taiwan,3464,2016,1332,1084,1274,2398,6222,23826,22599,17981,16860,17514,17138,14275,14725,16265,18836,24891,20348,14941,11576,10868,9177,5779,295389
106A2,Taipei City,352,214,150,110,90,175,378,1031,1806,1470,1272,1195,1138,1090,1114,1236,1275,1492,1548,1141,882,1010,1006,616,21791
106A2,New Taipei City,554,280,190,150,150,283,648,2250,2715,1998,1784,1773,1858,1634,1531,1695,1924,2328,2267,1715,1275,1388,1249,850,32489
106A2,Keelung City,28,25,9,13,17,26,71,143,152,135,151,142,118,130,121,124,141,184,162,134,119,105,102,71,2423
106A2,Taoyuan City,399,233,173,116,163,334,774,2910,2423,1713,1715,1648,1623,1415,1417,1555,1861,2617,2157,1605,1325,1202,1032,658,31068
106A2,Hsinchu City,78,37,28,22,30,49,123,446,592,418,381,389,396,332,325,319,413,520,437,393,248,246,210,109,6541
106A2,Hsinchu County,73,51,25,25,32,59,255,826,821,545,458,493,458,383,430,422,508,793,660,497,361,322,232,150,8879
106A2,Miaoli County,47,41,23,27,38,51,158,619,467,394,382,387,356,306,268,341,422,564,453,344,278,231,149,84,6430
106A2,Taichung City,527,282,179,126,166,272,859,4043,3663,2825,2547,2703,2756,2134,2397,2499,2846,4279,3528,2374,1998,1745,1505,902,47155
106A2,Changhua County,151,69,56,52,60,165,406,1688,1219,1014,1038,1120,1015,792,869,978,1183,1616,1128,788,612,544,390,246,17199
106A2,Nantou County,52,39,22,19,24,51,131,521,422,513,435,436,413,322,379,420,494,557,395,293,243,168,112,91,6552
106A2,Yunlin County,111,49,38,30,36,99,239,776,602,550,590,569,548,427,457,605,574,830,611,395,324,275,192,142,9069
106A2,Chiayi City,41,28,14,24,19,17,48,195,169,163,157,183,178,169,173,149,235,234,194,153,137,141,101,64,2986
106A2,Chiayi County,52,31,15,28,29,58,164,586,464,395,390,401,374,318,337,355,457,595,406,279,182,159,136,92,6303
106A2,Tainan City,173,122,71,61,64,129,396,1637,1448,1059,1008,1187,1156,896,972,1077,1237,1663,1219,943,692,654,520,289,18673
106A2,Kaohsiung City,546,327,220,170,216,352,975,4016,3632,2962,2724,2944,2927,2372,2408,2740,3276,4112,3343,2518,1910,1722,1608,1010,49030
106A2,Pingtung County,133,76,47,50,64,115,283,894,828,781,768,831,767,610,632,724,859,1068,786,615,475,407,299,185,12297
106A2,Yilan County,65,46,29,32,34,65,124,572,518,438,439,436,406,396,340,405,442,582,407,295,218,225,138,93,6745
106A2,Hualien County,33,24,21,14,23,44,104,356,337,322,308,364,334,281,289,305,355,448,302,216,144,172,99,64,4959
106A2,Taitung County,34,26,14,10,11,43,63,219,211,205,214,220,204,192,175,216,224,255,217,159,111,96,59,46,3224
106A2,Penghu County,7,9,8,5,4,5,12,54,59,40,57,54,63,47,43,51,64,87,61,45,21,31,20,7,854
106A2,Kinmen County,8,7,0,0,4,6,11,43,50,41,41,37,50,28,48,49,44,65,65,39,21,25,17,10,709
106A2,Lienchiang County,0,0,0,0,0,0,0,1,1,0,1,2,0,1,0,0,2,2,2,0,0,0,1,0,13
107A1,Taiwan,47,43,22,31,42,60,61,99,87,77,69,65,57,53,75,65,83,90,76,71,43,48,49,44,1457
107A1,Taipei City,0,3,2,2,2,6,4,3,4,6,1,5,3,3,3,2,2,5,4,1,0,4,5,3,73
107A1,New Taipei City,4,5,1,3,2,4,6,8,9,8,10,2,4,5,5,1,10,6,5,4,5,5,3,8,123
107A1,Keelung City,1,1,1,0,0,1,0,2,0,0,0,1,0,0,0,0,3,1,1,1,3,0,1,0,17
107A1,Taoyuan City,6,6,2,6,4,8,7,7,4,6,6,8,5,4,5,6,5,8,5,5,4,6,4,5,132
107A1,Hsinchu City,0,2,1,1,0,0,0,0,0,3,0,1,2,1,2,3,0,2,2,1,0,1,0,1,23
107A1,Hsinchu County,1,3,0,3,0,2,2,4,3,2,4,2,2,3,4,4,2,1,7,1,2,2,1,0,55
107A1,Miaoli County,0,0,1,0,3,0,3,4,2,2,1,2,1,1,2,2,1,6,4,1,0,3,3,2,44
107A1,Taichung City,4,4,1,4,4,3,7,4,8,3,6,5,1,1,6,3,12,5,2,5,3,5,3,3,102
107A1,Changhua County,4,2,3,1,4,6,1,9,7,5,3,3,5,3,4,5,5,8,3,14,4,4,4,4,111
107A1,Nantou County,4,1,1,1,2,2,1,3,3,1,5,0,5,2,4,1,3,5,2,0,2,3,4,2,57
107A1,Yunlin County,3,0,3,0,1,2,3,7,3,4,3,4,4,3,3,4,7,5,3,9,0,3,4,4,82
107A1,Chiayi City,1,0,0,0,0,0,0,2,0,1,0,1,0,0,1,1,0,0,1,1,0,0,1,0,10
107A1,Chiayi County,3,3,0,2,1,2,1,11,7,8,5,4,7,5,6,2,5,4,5,3,0,1,1,0,86
107A1,Tainan City,4,5,2,3,5,4,9,7,10,10,7,7,4,8,11,10,5,12,10,6,6,1,5,6,157
107A1,Kaohsiung City,4,4,1,3,5,7,8,9,13,5,7,10,7,5,4,9,8,8,6,5,4,4,3,1,140
107A1,Pingtung County,4,2,2,1,2,4,6,6,7,3,4,4,3,4,6,7,9,7,7,7,3,4,2,2,106
107A1,Yilan County,3,2,0,1,5,5,0,6,2,1,2,4,3,4,1,0,0,1,1,2,0,0,2,1,46
107A1,Hualien County,0,0,0,0,0,0,2,4,3,3,0,1,0,1,6,3,3,2,5,3,2,1,1,1,41
107A1,Taitung County,0,0,1,0,1,3,1,2,2,5,4,1,0,0,0,2,2,2,3,1,5,1,1,1,38
107A1,Penghu County,0,0,0,0,0,0,0,1,0,0,1,0,0,0,2,0,0,1,0,1,0,0,0,0,6
107A1,Kinmen County,1,0,0,0,1,1,0,0,0,1,0,0,1,0,0,0,1,1,0,0,0,0,1,0,8
107A1,Lienchiang County,0,0,0,0,0,0,0,0,0,0,0,0,0,0,0,0,0,0,0,0,0,0,0,0,0
107A2,Taiwan,3608,2008,1353,1169,1262,2629,6901,26189,24727,19357,18337,19108,18706,15441,16142,17324,20174,27335,21906,15922,12517,11513,9340,5889,318857
107A2,Taipei City,351,197,122,101,98,167,375,1086,1945,1475,1329,1210,1240,1135,1195,1180,1243,1506,1495,1093,763,920,874,531,21631
107A2,New Taipei City,520,294,195,148,160,284,726,2604,2941,2118,1923,1844,1977,1722,1746,1744,1989,2644,2383,1815,1448,1440,1381,901,34947
107A2,Keelung City,49,23,20,13,17,37,93,228,261,218,194,209,194,169,165,221,210,263,237,161,142,134,135,90,3483
107A2,Taoyuan City,388,238,165,126,164,321,851,2944,2431,1778,1584,1667,1705,1419,1486,1534,1868,2562,2142,1534,1351,1170,1014,622,31064
107A2,Hsinchu City,87,48,34,20,35,58,147,612,833,537,467,487,451,369,381,386,454,622,599,449,377,313,241,137,8144
107A2,Hsinchu County,91,61,25,21,27,61,245,939,973,605,515,519,518,414,479,502,588,886,782,539,446,355,266,165,10022
107A2,Miaoli County,52,24,8,19,16,50,153,565,465,359,345,380,373,253,276,344,418,593,385,292,251,190,112,84,6007
107A2,Taichung City,463,251,151,132,131,292,839,3770,3531,2539,2317,2495,2549,2056,2205,2404,2712,4087,3088,2227,1785,1697,1306,789,43816
107A2,Changhua County,127,54,52,55,50,134,378,1557,1111,980,959,1013,923,667,799,840,961,1438,987,715,572,533,307,197,15409
107A2,Nantou County,60,31,13,26,31,50,161,557,473,478,490,465,431,352,374,393,462,594,424,297,229,184,118,74,6767
107A2,Yunlin County,94,64,32,33,33,93,268,847,604,632,591,635,565,474,510,586,670,874,664,446,290,314,194,135,9648
107A2,Chiayi City,35,21,15,6,6,18,40,205,156,145,168,171,145,158,175,171,201,299,235,171,153,147,103,47,2991
107A2,Chiayi County,52,35,30,21,26,82,173,611,472,409,437,473,422,394,362,435,492,626,462,290,208,166,165,103,6946
107A2,Tainan City,412,208,129,117,144,298,819,3510,2978,2285,2308,2473,2461,1924,1972,2174,2649,3619,2775,2027,1554,1368,1029,618,39851
107A2,Kaohsiung City,529,285,210,207,193,395,964,3715,3389,2738,2593,2802,2718,2220,2278,2456,3113,3920,3156,2362,1732,1555,1403,936,45869
107A2,Pingtung County,126,81,59,58,58,136,336,1081,951,929,980,1024,914,714,770,848,972,1307,961,724,598,493,336,200,14656
107A2,Yilan County,85,47,31,30,29,72,148,668,563,502,517,514,463,387,417,477,499,615,466,363,287,235,145,104,7664
107A2,Hualien County,44,24,29,13,19,37,101,361,337,342,306,368,344,324,279,294,339,445,319,208,175,156,103,71,5038
107A2,Taitung County,29,16,20,14,18,34,59,219,221,193,207,240,213,185,188,240,223,273,220,131,94,83,66,60,3246
107A2,Penghu County,7,4,8,6,1,7,21,60,55,45,59,67,60,52,54,49,49,79,67,35,30,35,28,16,894
107A2,Kinmen County,7,2,5,2,5,2,3,46,36,49,46,51,40,52,31,45,62,82,58,43,31,25,13,9,745
107A2,Lienchiang County,0,0,0,1,1,1,1,4,1,1,2,1,0,1,0,1,0,1,1,0,1,0,1,0,19
108A1,Taiwan,41,34,30,46,60,90,90,104,98,86,72,90,83,79,86,75,88,110,113,96,73,57,66,47,1814
108A1,Taipei City,3,3,1,2,1,4,9,6,4,4,3,3,2,3,4,5,2,2,8,7,3,4,0,2,85
108A1,New Taipei City,5,4,3,7,6,14,8,10,7,5,3,8,9,7,5,8,5,10,8,8,1,3,14,7,165
108A1,Keelung City,0,0,1,2,0,1,0,1,0,1,1,1,0,0,1,1,1,1,1,1,0,1,1,1,17
108A1,Taoyuan City,3,5,3,4,6,4,9,14,6,8,8,9,14,4,6,5,8,12,5,10,4,3,6,1,157
108A1,Hsinchu City,0,0,0,1,2,2,2,1,3,1,2,1,1,0,2,1,0,0,1,1,0,3,0,1,25
108A1,Hsinchu County,1,1,1,0,4,4,2,3,4,3,1,5,0,3,2,1,4,6,2,3,2,0,3,2,57
108A1,Miaoli County,3,1,0,2,3,3,4,8,4,4,3,3,1,5,2,5,3,1,5,2,6,3,2,1,74
108A1,Taichung City,5,1,6,6,5,15,8,11,12,12,5,7,5,10,14,10,14,9,7,9,6,8,8,4,197
108A1,Changhua County,5,1,1,2,5,6,8,9,5,6,8,7,5,5,4,5,8,9,8,5,11,3,7,4,137
108A1,Nantou County,1,4,0,2,2,2,1,1,1,1,4,4,1,5,3,2,6,5,9,4,3,1,1,1,64
108A1,Yunlin County,0,1,1,2,3,5,2,7,8,6,4,6,4,0,4,4,3,6,8,3,3,1,6,3,90
108A1,Chiayi City,0,0,1,1,3,0,0,0,1,1,1,0,0,0,1,1,0,0,0,1,0,0,1,0,12
108A1,Chiayi County,2,1,3,3,2,2,2,8,4,3,1,3,7,4,4,5,8,6,4,4,4,3,1,2,86
108A1,Tainan City,4,5,1,7,4,4,13,10,12,9,9,8,11,9,5,8,9,15,11,10,4,6,5,5,184
108A1,Kaohsiung City,6,4,2,4,6,11,13,6,15,9,12,9,8,12,10,6,5,15,10,12,12,6,5,7,205
108A1,Pingtung County,2,2,3,0,6,6,6,6,4,5,1,7,4,7,7,3,5,6,10,6,6,7,1,3,113
108A1,Yilan County,0,0,3,0,1,3,1,1,1,6,2,1,6,3,4,1,2,2,8,4,2,1,2,0,54
108A1,Hualien County,1,0,0,1,1,2,0,0,3,2,3,4,2,2,5,1,1,3,3,0,1,0,1,2,38
108A1,Taitung County,0,1,0,0,0,2,2,0,2,0,1,3,2,0,2,2,3,2,3,5,5,4,1,1,41
108A1,Penghu County,0,0,0,0,0,0,0,1,1,0,0,0,1,0,1,1,0,0,0,1,0,0,0,0,6
108A1,Kinmen County,0,0,0,0,0,0,0,1,1,0,0,0,0,0,0,0,0,0,2,0,0,0,1,0,5
108A1,Lienchiang County,0,0,0,0,0,0,0,0,0,0,0,1,0,0,0,0,1,0,0,0,0,0,0,0,2
108A2,Taiwan,3667,2152,1432,1217,1282,2665,7359,28080,25836,20365,19577,20769,20113,16514,16947,18631,21420,29615,23629,17050,13231,12131,9869,6293,339844
108A2,Taipei City,310,203,147,122,101,171,398,1182,1930,1562,1359,1322,1322,1198,1162,1196,1262,1520,1582,1221,902,918,948,616,22654
108A2,New Taipei City,564,297,197,171,144,280,747,2523,2925,2203,2036,2019,2080,1829,1864,1928,2099,2756,2576,1932,1541,1526,1440,940,36617
108A2,Keelung City,61,34,22,13,17,43,99,272,301,233,239,232,245,230,212,242,227,326,284,217,179,201,159,89,4177
108A2,Taoyuan City,523,307,192,169,179,409,1131,3912,3410,2292,2280,2283,2377,1998,2054,2259,2551,3766,3057,2208,1850,1613,1255,862,42937
108A2,Hsinchu City,100,60,39,34,35,71,174,697,853,597,554,574,536,446,434,490,536,746,740,551,396,382,266,140,9451
108A2,Hsinchu County,66,61,27,23,22,76,287,956,981,600,482,572,528,421,450,513,629,913,775,574,421,348,245,135,10105
108A2,Miaoli County,55,26,23,27,28,61,178,664,467,406,386,416,383,264,262,340,471,637,439,340,265,232,159,80,6609
108A2,Taichung City,468,266,164,136,132,254,809,3777,3408,2540,2321,2575,2534,2024,2084,2267,2674,3986,3139,2126,1709,1542,1233,767,42935
108A2,Changhua County,164,85,63,62,60,151,495,2054,1396,1210,1200,1285,1156,918,981,1126,1340,2008,1286,953,711,623,444,260,20031
108A2,Nantou County,56,40,33,33,30,55,146,558,511,468,492,544,453,359,363,401,451,679,419,312,233,197,145,96,7074
108A2,Yunlin County,92,54,30,30,40,89,237,875,681,592,611,613,584,473,507,638,704,889,662,493,350,294,270,158,9966
108A2,Chiayi City,26,21,18,8,9,22,58,227,155,175,156,191,162,160,164,160,199,252,221,174,136,141,86,79,3000
108A2,Chiayi County,59,30,30,14,21,64,182,652,467,442,472,478,430,378,383,415,471,637,446,293,228,196,139,106,7033
108A2,Tainan City,358,195,149,125,136,264,750,3545,2904,2231,2301,2491,2458,1815,1972,2145,2535,3739,2699,1881,1451,1325,1023,636,39128
108A2,Kaohsiung City,470,275,168,141,173,318,933,3552,3215,2571,2458,2684,2575,2069,2134,2403,2817,3636,2904,2153,1641,1515,1270,781,42856
108A2,Pingtung County,140,106,70,50,78,161,366,1245,999,1079,1021,1173,1010,831,869,990,1200,1481,1119,755,584,515,359,277,16478
108A2,Yilan County,64,39,24,25,33,88,173,663,574,501,499,566,461,436,452,469,523,688,518,347,261,242,166,106,7918
108A2,Hualien County,39,28,20,16,19,44,95,380,328,329,350,366,413,337,288,323,336,461,351,243,173,152,126,83,5300
108A2,Taitung County,36,11,8,13,21,35,75,246,223,239,241,285,269,217,225,241,256,322,259,172,121,108,87,62,3772
108A2,Penghu County,7,9,3,4,2,6,17,50,53,40,63,47,60,49,43,45,67,76,74,41,36,35,23,10,860
108A2,Kinmen County,9,5,5,1,2,3,9,48,51,52,53,52,76,57,38,40,67,91,75,63,40,25,24,10,896
108A2,Lienchiang County,0,0,0,0,0,0,0,2,4,3,3,1,1,5,6,0,5,6,4,1,3,1,2,0,47
